,Mean Error (cal/mol/K),Experimental Val (cal/mol/K),Predicted Val (cal/mol/K),MAE,STD,Year,Source,BASE_State,Canonical_Monomer_SMILES,Polymerization
1,0.24187488211832156,-10.468451242829827,-10.710326124948148,7.423080467345053,8.86459819031949,2016,Aliphatic Polyester Block Polymer Design,ss,C[C@@H]1OC(=O)[C@H](C)OC1=O,ROP
2,0.7045629162270007,-9.727533460803059,-9.02297054457606,7.423080467345053,8.86459819031949,2016,Aliphatic Polyester Block Polymer Design,ls,C[C@@H]1OC(=O)[C@H](C)OC1=O,ROP
3,2.5919453826342695,-8.126195028680687,-10.718140411314957,7.423080467345053,8.86459819031949,2022,Like Recycles Like: Selective Ring-Closing Depolymerization of Poly(L-Lactic Acid) to L-Lactide,ss,C[C@@H]1OC(=O)[C@H](C)OC1=O,ROP
4,4.427271784368202,-5.25812619502868,-9.685397979396882,7.423080467345053,8.86459819031949,2022,Like Recycles Like: Selective Ring-Closing Depolymerization of Poly(L-Lactic Acid) to L-Lactide,ss,C[C@@H]1OC(=O)[C@H](C)OC1=O,ROP
5,0.608866993950198,-10.277246653919693,-9.668379659969496,7.423080467345053,8.86459819031949,2022,Like Recycles Like: Selective Ring-Closing Depolymerization of Poly(L-Lactic Acid) to L-Lactide,ss,C[C@@H]1OC(=O)[C@H](C)OC1=O,ROP
6,3.9541736716913003,-5.975143403441682,-9.929317075132982,7.423080467345053,8.86459819031949,2016,Aliphatic Polyester Block Polymer Design,ss,C[C@@H]1OC(=O)[C@H](C)OC1=O,ROP
7,0.479874929802293,-10.994263862332696,-10.514388932530403,7.423080467345053,8.86459819031949,2022,Like Recycles Like: Selective Ring-Closing Depolymerization of Poly(L-Lactic Acid) to L-Lactide,ss,C[C@@H]1OC(=O)[C@H](C)OC1=O,ROP
8,0.12963808927821027,-9.79923518164436,-9.928873270922569,7.423080467345053,8.86459819031949,1999,PHB,ss,C[C@@H]1OC(=O)[C@H](C)OC1=O,ROP
9,3.595164470398512,-5.975143403441682,-9.570307873840195,7.423080467345053,8.86459819031949,2016,Aliphatic Polyester Block Polymer Design,ss,C[C@@H]1OC(=O)[C@H](C)OC1=O,ROP
10,0.10590756491334835,-9.823135755258127,-9.929043320171475,7.423080467345053,8.86459819031949,1990,Thermodynamics of L-lactide polymerization. Equilibrium monomer concentration,ss,C[C@@H]1OC(=O)[C@H](C)OC1=O,ROP
11,5.595683419559034,-18.044933078393882,-12.449249658834846,7.423080467345053,8.86459819031949,1999,PHB,ls,C[Si](C)(C)C1CC2C=CC1C2,ROMP
12,2.108509768876468,-11.938336520076483,-14.04684628895295,7.423080467345053,8.86459819031949,2019,Investigating the effects of bulky allylic substituents on the regioregularity and thermodynamics of ROMP on cyclopentene,ss,C[Si](C)(C)OC1C=CCC1,ROMP
13,10.501694001949835,1.4340344168260037,-9.067659585123831,7.423080467345053,8.86459819031949,1999,PHB,ss,C[Si](C)(C)OP1(=O)OCCCO1,cationic
14,8.962510921388533,-4.326003824091778,-13.288514745480311,7.423080467345053,8.86459819031949,1999,PHB,ls,C[Si]1(C)C[Si](C)(C)C1,cationic
15,1.7801335215057883,-17.017208413001914,-15.237074891496125,7.423080467345053,8.86459819031949,1999,PHB,ls,C[Si]1(C)CCC1,cationic
16,0.9460333988323872,-4.995219885277246,-5.941253284109633,7.423080467345053,8.86459819031949,1999,PHB,ls,C[Si]1(C)O[Si](C)(C)O[Si](C)(C)O[Si](C)(C)O1,cationic
17,8.27948241399656,-0.7241873804971318,-9.00366979449369,7.423080467345053,8.86459819031949,1999,PHB,ls,C[Si]1(C)O[Si](C)(C)O[Si](C)(C)O1,cationic
18,2.1543961022380707,-13.718929254302102,-15.873325356540173,7.423080467345053,8.86459819031949,1999,PHB,ls,C[Si]1(c2ccccc2)CCC1,cationic
19,0.024691994265217947,-23.064053537284895,-23.039361543019677,7.423080467345053,8.86459819031949,1999,PHB,ls,C/C=C/C,vinyl
20,18.498515223399416,-44.09655831739962,-25.5980430940002,7.423080467345053,8.86459819031949,1999,PHB,gg,C/C=C/C,vinyl
21,19.144519746439926,-43.49904397705545,-24.354524230615525,7.423080467345053,8.86459819031949,1999,PHB,gg,C/C=C/C(C)C,vinyl
22,9.458631073420284,-31.070745697896747,-21.612114624476465,7.423080467345053,8.86459819031949,1999,PHB,ls,C/C=C/C(C)C,vinyl
23,3.7873511841469405,-26.2906309751434,-22.503279790996462,7.423080467345053,8.86459819031949,1999,PHB,ls,C/C=C/CC,vinyl
24,20.22905248921506,-45.411089866156786,-25.182037376941725,7.423080467345053,8.86459819031949,1999,PHB,gg,C/C=C/CC,vinyl
25,1.0224369482971976,-24.25908221797323,-23.236645269676032,7.423080467345053,8.86459819031949,1999,PHB,ls,C/C=C\C,vinyl
26,15.532187947849382,-41.10898661567877,-25.576798667829394,7.423080467345053,8.86459819031949,1999,PHB,gg,C/C=C\C,vinyl
27,19.398992919369327,-43.738049713193114,-24.339056793823787,7.423080467345053,8.86459819031949,1999,PHB,gg,C/C=C\C(C)C,vinyl
28,10.421882994504662,-32.026768642447415,-21.604885647942755,7.423080467345053,8.86459819031949,1999,PHB,ls,C/C=C\C(C)C,vinyl
29,5.0788225512938245,-27.60516252390057,-22.52633997260675,7.423080467345053,8.86459819031949,1999,PHB,ls,C/C=C\CC,vinyl
30,20.244610201499395,-45.411089866156786,-25.16647966465739,7.423080467345053,8.86459819031949,1999,PHB,gg,C/C=C\CC,vinyl
31,11.969955545879545,-14.10133843212237,-26.071293978001915,7.423080467345053,8.86459819031949,1999,PHB,ls,C=C,vinyl
32,46.52490407598044,-74.33078393881453,-27.805879862834097,7.423080467345053,8.86459819031949,1999,PHB,gg,C=C,vinyl
33,10.835767820379365,-31.070745697896747,-20.234977877517384,7.423080467345053,8.86459819031949,1999,PHB,ss,C=C(C)C(=O)OC,vinyl
34,7.812771172479103,-27.1104206500956,-19.2976494776165,7.423080467345053,8.86459819031949,1999,PHB,ls,C=C(C)C(=O)OC,vinyl
35,6.19296077325505,-24.067877629063098,-17.87491685580805,7.423080467345053,8.86459819031949,1981,Low Ceiling Temperature in Radical Polymerization of 2 6-Dimethylphenyl Methacrylate,ss,C=C(C)C(=O)Oc1c(C)cccc1C,vinyl
36,6.447001779826129,-20.31548757170172,-13.86848579187559,7.423080467345053,8.86459819031949,1999,PHB,ls,C=C(C)C(=O)Oc1ccccc1C(=O)O,vinyl
37,11.439960446264905,-30.11472275334608,-18.674762307081174,7.423080467345053,8.86459819031949,1999,PHB,ls,C=C(C)C(=O)OCC,vinyl
38,13.213306918483113,-36.089866156787764,-22.87655923830465,7.423080467345053,8.86459819031949,1999,PHB,ss,C=C(C)C#N,vinyl
39,7.520510355213134,-29.15869980879541,-21.638189453582275,7.423080467345053,8.86459819031949,1999,PHB,ss,C=C(C)c1ccc2ccccc2c1,vinyl
40,7.639987384136621,-29.875717017208412,-22.23572963307179,7.423080467345053,8.86459819031949,1999,PHB,ss,C=C(C)c1ccc2ccccc2c1,vinyl
41,16.249421502773792,-39.02963671128107,-22.78021520850728,7.423080467345053,8.86459819031949,1999,PHB,ss,C=C(C)c1ccccc1,vinyl
42,10.92696894936679,-12.189292543021033,-23.11626149238782,7.423080467345053,8.86459819031949,1999,PHB,ss,C=C(C)c1ccccc1,vinyl
43,8.33427846523674,-31.070745697896747,-22.73646723266001,7.423080467345053,8.86459819031949,1999,PHB,ss,C=C(C)c1ccccc1,vinyl
44,12.484373720572558,-11.233269598470363,-23.71764331904292,7.423080467345053,8.86459819031949,1999,PHB,ss,C=C(C)c1ccccc1,vinyl
45,3.910863896883997,-26.1453154875717,-22.2344515906877,7.423080467345053,8.86459819031949,1999,PHB,ls,C=C(C)c1ccccc1,vinyl
46,4.3132608403395905,-16.730401529636712,-21.0436623699763,7.423080467345053,8.86459819031949,1999,PHB,ss,C=C(C)c1ccccn1,vinyl
47,3.2941147880071364,-22.94455066921606,-19.650435881208924,7.423080467345053,8.86459819031949,1999,PHB,ss,C=C(C)c1ncco1,vinyl
48,4.754606964760593,-16.491395793499045,-21.246002758259635,7.423080467345053,8.86459819031949,1999,PHB,ss,C=C(C)c1nccs1,vinyl
49,6.541856219519411,-25.095602294455066,-18.553746074935656,7.423080467345053,8.86459819031949,1999,PHB,ls,C=C(CC)C(=O)OC,vinyl
50,0.0893563846262678,-23.54206500956023,-23.631421394186496,7.423080467345053,8.86459819031949,1999,PHB,ls,C=C(Cl)Cl,vinyl
51,19.95137964539621,-46.12810707456979,-26.17672742917358,7.423080467345053,8.86459819031949,1999,PHB,gg,C=C(Cl)Cl,vinyl
52,33.81827428332034,24.617590822179732,-9.20068346114061,7.423080467345053,8.86459819031949,2005,Exceptional chiroptical behavior near ceiling temperature in free radical polymerization of menthyl 2-acetamidoacrylates,ss,C=C(NC(C)=O)C(=O)OC1CC(C)CCC1C(C)C,vinyl
53,4.258689820872077,-26.17112810707457,-21.91243828620249,7.423080467345053,8.86459819031949,1999,PHB,ls,C=C[Si](C)(C)C,vinyl
54,10.315799285873876,-30.47323135755258,-20.157432071678706,7.423080467345053,8.86459819031949,1999,PHB,ls,C=C[Si](C)(C)c1ccccc1,vinyl
55,2.849113062975197,-22.801147227533463,-19.952034164558263,7.423080467345053,8.86459819031949,1999,PHB,ls,C=C[Si](C)(C)Cc1ccccc1,vinyl
56,10.817230112840994,-26.003824091778203,-15.186593978937207,7.423080467345053,8.86459819031949,1999,PHB,ss,C=C1CCCOC1=O,vinyl
57,6.93355006363101,-9.584130019120458,-16.51768008275147,7.423080467345053,8.86459819031949,2016,The Quest for Converting Biorenewable Bifunctional _-Methylene-_-butyrolactone into Degradable and Recyclable Polyester: Controlling Vinyl-Addition/Ring-Opening/Cross-Linking Pathways,ss,C=C1CCOC1=O,vinyl
58,5.013548344260104,-19.407265774378583,-14.39371743011848,7.423080467345053,8.86459819031949,2018,Strategy for rational control of stereosequence in free radical polymerization of acrylates,ss,C=C1OC(C)(C(C)C)OC1=O,vinyl
59,20.28780040769282,-47.32313575525812,-27.035335347565304,7.423080467345053,8.86459819031949,1999,PHB,gg,C=CC,vinyl
60,2.76215825421677,-27.366156787762904,-24.603998533546136,7.423080467345053,8.86459819031949,1999,PHB,ls,C=CC,vinyl
61,2.1697852736892123,-24.1395793499044,-21.969794076215184,7.423080467345053,8.86459819031949,1999,PHB,ls,C=CC(=C)C,misc
62,4.424209226084838,-23.8217017208413,-19.397492494756463,7.423080467345053,8.86459819031949,1999,PHB,ls,C=CC(=O)OCC,vinyl
63,2.4772125919057824,-26.051625239005734,-23.57441264709995,7.423080467345053,8.86459819031949,1999,PHB,ls,C=CC#N,vinyl
64,2.1707575313181526,-20.673996175908222,-22.844753707226374,7.423080467345053,8.86459819031949,1999,PHB,ls,C=CC=C,misc
65,6.337506632352358,-5.473231357552581,-11.81073798990494,7.423080467345053,8.86459819031949,2022,Tunable and recyclable polyesters from CO2 and butadiene,ls,C=CC1CCC(=CC)C(=O)O1,ROP
66,2.3196264682899352,-25.191204588910136,-22.8715781206202,7.423080467345053,8.86459819031949,1999,PHB,ls,C=Cc1ccccc1,vinyl
67,9.729623421300017,-35.61185468451243,-25.88223126321241,7.423080467345053,8.86459819031949,1999,PHB,gg,C=Cc1ccccc1,vinyl
68,4.913341544266674,-22.22753346080306,-17.314191916536384,7.423080467345053,8.86459819031949,1999,PHB,ls,C=CC1CCCCC1,vinyl
69,0.5394513349570293,-23.960325047801145,-23.420873712844116,7.423080467345053,8.86459819031949,1999,PHB,ls,C=CCC,vinyl
70,17.5345329692558,-43.49904397705545,-25.964511007799647,7.423080467345053,8.86459819031949,1999,PHB,gg,C=CCC,vinyl
71,7.224847019280202,-28.91969407265774,-21.69484705337754,7.423080467345053,8.86459819031949,1999,PHB,ls,C=CCC(C)C,vinyl
72,17.646867044621587,-42.06500956022944,-24.418142515607855,7.423080467345053,8.86459819031949,1999,PHB,gg,C=CCC(C)C,vinyl
73,5.819340921647483,-28.322179732313575,-22.50283881066609,7.423080467345053,8.86459819031949,1999,PHB,ls,C=CCCC,vinyl
74,21.21461364342733,-46.367112810707454,-25.152499167280123,7.423080467345053,8.86459819031949,1999,PHB,gg,C=CCCC,vinyl
75,5.184405107921787,-27.007648183556405,-21.82324307563462,7.423080467345053,8.86459819031949,1999,PHB,ls,C=CCCCC,vinyl
76,16.3674044496586,-40.152963671128106,-23.785559221469505,7.423080467345053,8.86459819031949,1999,PHB,gg,C=CCCCCC,vinyl
77,1.6281938865965246,-22.148661567877628,-20.520467681281104,7.423080467345053,8.86459819031949,1999,PHB,ls,C=CCOC(=O)C=C,vinyl
78,2.4869143617149265,-6.405353728489484,-8.89226809020441,7.423080467345053,8.86459819031949,2016,Switching from Controlled Ring-Opening Polymerization (cROP) to Controlled Ring-Closing Depolymerization (cRCDP) by Adjusting the Reaction Parameters That Determine the Ceiling Temperature,ss,C=CCOCC1(CC)COC(=O)OC1,ROP
79,2.0217229914512846,-11.137667304015297,-9.115944312564011,7.423080467345053,8.86459819031949,2016,Switching from Controlled Ring-Opening Polymerization (cROP) to Controlled Ring-Closing Depolymerization (cRCDP) by Adjusting the Reaction Parameters That Determine the Ceiling Temperature,ss,C=CCOCC1(CC)COC(=O)OC1,ROP
80,6.256327196034187,-1.6491395793499044,-7.905466775384091,7.423080467345053,8.86459819031949,2016,Switching from Controlled Ring-Opening Polymerization (cROP) to Controlled Ring-Closing Depolymerization (cRCDP) by Adjusting the Reaction Parameters That Determine the Ceiling Temperature,ls,C=CCOCC1(CC)COC(=O)OC1,ROP
81,7.245064839714283,-11.55114722753346,-18.796212067247744,7.423080467345053,8.86459819031949,1999,PHB,ls,C=CCOCCOC(=O)C=C,vinyl
82,5.967044973907336,-6.716061185468451,-0.7490162115611156,7.423080467345053,8.86459819031949,2020,Geminal Dimethyl Substitution Enables Controlled Polymerization of Penicillamine-Derived _-Thiolactones and Reversed Depolymerization,ss,C=CCOCCOCCOCCOC(=O)NC1C(=O)SC1(C)C,ROP
83,5.996886695700517,-26.2,-20.20311330429948,7.423080467345053,8.86459819031949,1949,CHANGES OF ENTROPY AND HEAT CONTENT DURING POLYMERIZATION,ls,C=COC(C)=O,vinyl
84,7.700033258780671,-32.49999999999999,-24.799966741219325,7.423080467345053,8.86459819031949,1949,CHANGES OF ENTROPY AND HEAT CONTENT DURING POLYMERIZATION,gg,C=O,ionic
85,8.29094372098488,-3.3938814531548753,-11.684825174139753,7.423080467345053,8.86459819031949,2022,Understanding the Structure–Polymerization Thermodynamics Relationships of Fused-Ring Cyclooctenes for Developing Chemically Recyclable Polymers,ss,C1=C\CC[C@@H]2CC[C@H]2CC/1,ROMP
86,8.287199199579844,-3.202676864244742,-11.489876063824585,7.423080467345053,8.86459819031949,2022,Understanding the Structure Polymerization Thermodynamics Relationships of Fused-Ring Cyclooctenes for Developing Chemically Recyclable Polymers,ss,C1=C\CC[C@@H]2CCC[C@H]2CC/1,ROMP
87,1.4201402338680689,-3.298279158699809,-4.718419392567878,7.423080467345053,8.86459819031949,2022,Understanding the Structure Polymerization Thermodynamics Relationships of Fused-Ring Cyclooctenes for Developing Chemically Recyclable Polymers,ss,C1=C\CC[C@@H]2OC3(CCCCC3)O[C@H]2CC/1,ROMP
88,6.233964927331841,-2.891969407265774,-9.125934334597616,7.423080467345053,8.86459819031949,2022,Understanding the Structure Polymerization Thermodynamics Relationships of Fused-Ring Cyclooctenes for Developing Chemically Recyclable Polymers,ss,C1=C\CC[C@@H]2OCO[C@H]2CC/1,ROMP
89,1.6327834654421507,-3.298279158699809,-4.931062624141959,7.423080467345053,8.86459819031949,2022,Understanding the Structure Polymerization Thermodynamics Relationships of Fused-Ring Cyclooctenes for Developing Chemically Recyclable Polymers	,ss,C1=C\CCC2OC3(CCCCC3)OC2CC/1,ROMP
90,1.6540238390235111,-7.002868068833652,-8.656891907857164,7.423080467345053,8.86459819031949,1999,PHB,ss,C1=CC2C(C1)C1CC2C2SSSC12,ROMP
91,3.213818576242341,-18.044933078393882,-14.83111450215154,7.423080467345053,8.86459819031949,1999,PHB,ls,C1=CC2CCC1C2,ROMP
92,1.8666012724775283,-23.422562141491394,-21.555960869013866,7.423080467345053,8.86459819031949,1999,PHB,ss,C1=Cc2cccc3cccc1c23,vinyl
93,1.663011800067392,-19.09655831739962,-17.433546517332225,7.423080467345053,8.86459819031949,2016,A Precision Ethylene-Styrene Copolymer with High Styrene Content from Ring-Opening Metathesis Polymerization of 4-Phenylcyclopentene,ss,C1=CCC(c2ccccc2)C1,ROMP
94,2.4587179835859585,-16.37189292543021,-13.913174941844252,7.423080467345053,8.86459819031949,2018,Dynamic Remodeling of Covalent Networks via Ring-Opening Metathesis Polymerization,ss,C1=CCC(COCc2ccccc2)C1,ROMP
95,0.371864339674862,-14.244741873804971,-14.616606213479834,7.423080467345053,8.86459819031949,2018,Dynamic Remodeling of Covalent Networks via Ring-Opening Metathesis Polymerization,ss,C1=CCC(OCc2ccccc2)C1,ROMP
96,10.07760267705858,-31.309751434034414,-21.232148756975835,7.423080467345053,8.86459819031949,1999,PHB,gg,C1=CCC1,ROMP
97,6.418831009358904,-12.4282982791587,-18.847129288517603,7.423080467345053,8.86459819031949,1999,PHB,ls,C1=CCC1,ROMP
98,5.242526818354662,-12.954110898661568,-18.19663771701623,7.423080467345053,8.86459819031949,2018,Dynamic Remodeling of Covalent Networks via Ring-Opening Metathesis Polymerization,ss,C1=CCCC1,ROMP
99,5.134583765969773,-12.906309751434033,-18.040893517403806,7.423080467345053,8.86459819031949,1999,PHB,ls,C1=CCCC1,ROMP
100,0.3165554686765249,-18.49904397705545,-18.815599445731976,7.423080467345053,8.86459819031949,2013,Ruthenium catalyzed equilibrium ring-opening metathesis polymerization of cyclopentene / A Precision Ethylene-Styrene Copolymer with High Styrene Content from Ring-Opening Metathesis Polymerization of 4-Phenylcyclopentene,ss,C1=CCCC1,ROMP
101,13.485561741354328,-4.063097514340344,-17.548659255694673,7.423080467345053,8.86459819031949,1999,PHB,ss,C1=CCCCC1,ROMP
102,7.261808061306567,-8.604206500956023,-15.86601456226259,7.423080467345053,8.86459819031949,1999,PHB,ls,C1=CCCCCC1,ROMP
103,12.722023873228762,-2.1510516252390057,-14.873075498467768,7.423080467345053,8.86459819031949,1999,PHB,ls,C1=CCCCCCC1,ROMP
104,2.0902282551288867,-16.491395793499045,-18.58162404862793,7.423080467345053,8.86459819031949,1999,PHB,ls,C1CC1,cyclic
105,3.3404017447488656,-13.1453154875717,-16.485717232320567,7.423080467345053,8.86459819031949,1999,PHB,ls,C1CCC1,cyclic
106,6.103786414199172,-10.277246653919693,-16.381033068118867,7.423080467345053,8.86459819031949,1999,PHB,ls,C1CCCC1,cationic
107,12.010393203780614,-2.62906309751434,-14.639456301294954,7.423080467345053,8.86459819031949,1999,PHB,ls,C1CCCCC1,cyclic
108,10.229868140598468,-3.8240917782026767,-14.053959918801144,7.423080467345053,8.86459819031949,1999,PHB,ls,C1CCCCCC1,cyclic
109,12.812821870803486,-0.7170172084130019,-13.529839079216487,7.423080467345053,8.86459819031949,1999,PHB,ls,C1CCCCCCC1,cationic
110,15.381908806873986,2.9636711281070744,-12.418237678766909,7.423080467345053,8.86459819031949,1999,PHB,ls,C1CCCOCC1,cationic
111,6.75346588278717,-21.940726577437857,-15.187260694650687,7.423080467345053,8.86459819031949,1999,PHB,gg,C1CCCOCC1,cationic
112,6.263297879170089,-20.793499043977054,-14.530201164806964,7.423080467345053,8.86459819031949,1999,PHB,ss,C1CCOC1,cationic
113,14.376998953569567,-31.38862332695985,-17.011624373390283,7.423080467345053,8.86459819031949,1999,PHB,gg,C1CCOC1,cationic
114,1.7687942401128076,-16.013384321223707,-14.244590081110902,7.423080467345053,8.86459819031949,1999,PHB,ls,C1CCOC1,cationic
115,2.686445567873188,-9.321223709369024,-12.007669277242213,7.423080467345053,8.86459819031949,1999,PHB,ss,C1CCOCOC1,cationic
116,1.7014710709551508,-10.277246653919693,-11.978717724874844,7.423080467345053,8.86459819031949,1999,PHB,ss,C1CCOCOC1,cationic
117,0.5852706953624517,-11.47227533460803,-12.057546029970482,7.423080467345053,8.86459819031949,1999,PHB,ss,C1CCOCOC1,cationic
118,4.01919944089825,-7.660133843212236,-11.679333284110486,7.423080467345053,8.86459819031949,1999,PHB,ls,C1CCOCOC1,cationic
119,6.5045811519951,-6.21414913957935,-12.71873029157445,7.423080467345053,8.86459819031949,1999,PHB,ss,C1CCOCOC1,cationic
120,16.92544862778267,-31.405353728489484,-14.47990510070681,7.423080467345053,8.86459819031949,1999,PHB,gg,C1CCOCOC1,cationic
121,8.248381813158339,-2.437858508604206,-10.686240321762547,7.423080467345053,8.86459819031949,1999,PHB,ls,C1CCOCOCC1,cationic
122,15.493190136512082,-29.08699808795411,-13.593807951442027,7.423080467345053,8.86459819031949,1999,PHB,gg,C1CCOCOCC1,cationic
123,3.486672783210349,-12.404397705544932,-15.89107048875528,7.423080467345053,8.86459819031949,1999,PHB,ls,C1CN1,cationic
124,22.045317879125356,-41.58699808795411,-19.54168020882875,7.423080467345053,8.86459819031949,1999,PHB,gg,C1CO1,cationic
125,1.4335126702094025,-16.347992351816444,-14.914479681607041,7.423080467345053,8.86459819031949,1999,PHB,ls,C1COC1,cationic
126,21.268063667242885,-38.88623326959846,-17.618169602355582,7.423080467345053,8.86459819031949,1999,PHB,gg,C1COC1,cationic
127,3.819066133077329,-18.642447418738048,-14.82338128566072,7.423080467345053,8.86459819031949,1992,The polymerization of 13-dioxolane. I. Structure of the polymer and thermodynamics of its formation,ss,C1COCO1,cationic
128,2.074913406023956,-16.013384321223707,-13.938470915199753,7.423080467345053,8.86459819031949,2021,Chemically recyclable thermoplastics from reversible-deactivation polymerization of cyclic acetals,ls,C1COCO1,cationic
129,0.17539136264084043,-14.10133843212237,-14.276729794763211,7.423080467345053,8.86459819031949,1999,PHB,ss,C1COCO1,cationic
130,7.628396691212214,-22.466539196940726,-14.838142505728513,7.423080467345053,8.86459819031949,1999,PHB,ss,C1COCO1,cationic
131,4.478391804601059,-18.642447418738048,-14.16405561413699,7.423080467345053,8.86459819031949,1992,The polymerization of 13-dioxolane. I. Structure of the polymer and thermodynamics of its formation,ss,C1COCO1,cationic
132,9.749679016970989,-5.25812619502868,-15.007805211999669,7.423080467345053,8.86459819031949,1999,PHB,ss,C1COCO1,cationic
133,19.311708352133476,-36.089866156787764,-16.778157804654285,7.423080467345053,8.86459819031949,1999,PHB,gg,C1COCO1,cationic
134,7.970651949635484,-5.497131931166348,-13.467783880801832,7.423080467345053,8.86459819031949,1999,PHB,ls,C1COCOC1,cationic
135,1.2524119500882351,-9.321223709369024,-10.57363565945726,7.423080467345053,8.86459819031949,1999,PHB,ss,C1COCOCCO1,cationic
136,8.175178786699943,-3.107074569789675,-11.282253356489617,7.423080467345053,8.86459819031949,1999,PHB,ss,C1COCOCCO1,cationic
137,8.10506644502509,-1.9120458891013383,-10.017112334126429,7.423080467345053,8.86459819031949,1999,PHB,ls,C1COCOCCO1,cationic
138,17.957655799657246,-30.855640535372846,-12.897984735715601,7.423080467345053,8.86459819031949,1999,PHB,gg,C1COCOCCO1,cationic
139,3.5678366529948593,-12.189292543021033,-15.757129196015892,7.423080467345053,8.86459819031949,1999,PHB,gg,C1COOOO1,cationic
140,14.19136495423569,0.7170172084130019,-13.474347745822687,7.423080467345053,8.86459819031949,1999,PHB,ls,C1COOOO1,cationic
141,22.75085111217723,-37.284894837476095,-14.534043725298869,7.423080467345053,8.86459819031949,1999,PHB,gg,C1OCOCO1,cationic
142,2.3961045976119197,-9.79923518164436,-12.19533977925628,7.423080467345053,8.86459819031949,1999,PHB,ss,C1OCOCO1,cationic
143,1.730031916394465,-10.038240917782026,-11.768272834176491,7.423080467345053,8.86459819031949,1999,PHB,ss,C1OCOCO1,cationic
144,8.445010447731404,-4.3021032504780115,-12.747113698209414,7.423080467345053,8.86459819031949,1999,PHB,ls,C1OCOCO1,cationic
145,4.812607515255014,-22.370936902485656,-17.558329387230643,7.423080467345053,8.86459819031949,1999,PHB,ls,CC(=O)CCC=O,ionic
146,92.27498495001451,70.10038240917783,-22.174602540836695,7.423080467345053,8.86459819031949,1942,Entropy of the Monomeric Forms of Formic Acid and Acetic Acid,gg,CC(=O)O,ionic
147,5.436084595480578,-7.1701720841300185,-12.606256679610597,7.423080467345053,8.86459819031949,2019,Investigating the effects of bulky allylic substituents on the regioregularity and thermodynamics of ROMP on cyclopentene,ss,CC(C)(C)[Si](C)(C)OC1C=CCC1,ROMP
148,2.719430364580822,-13.981835564053537,-11.262405199472715,7.423080467345053,8.86459819031949,2018,Dynamic Remodeling of Covalent Networks via Ring-Opening Metathesis Polymerization,ss,CC(C)(C)[Si](C)(C)OC1CC=CC1,ROMP
149,3.3892960716310596,-9.655831739961759,-6.2665356683306985,7.423080467345053,8.86459819031949,2019,"4-Hydroxyproline-Derived Sustainable Polythioesters: Controlled Ring-Opening Polymerization, Complete Recyclability, and Facile Functionalization",ss,CC(C)(C)OC(=O)N1CC2CC1C(=O)S2,ROP
150,1.8420088910970052,-21.510516252390058,-19.668507361293052,7.423080467345053,8.86459819031949,1999,PHB,ss,CC(C)(Cl)C=O,ionic
151,5.582880893348554,-6.548757170172084,-12.131638063520636,7.423080467345053,8.86459819031949,2016,Aliphatic Polyester Block Polymer Design,ss,CC(C)[C@@H]1CC[C@@H](C)CC1=O,cationic
152,22.59543847013552,-44.93307839388145,-22.337639923745932,7.423080467345053,8.86459819031949,1999,PHB,gg,CC(C)=O,ionic
153,9.811068024757587,-11.68738049713193,-21.498448521889518,7.423080467345053,8.86459819031949,1999,PHB,ls,CC(C)=S,ionic
154,1.4608115744785606,-18.642447418738048,-20.10325899321661,7.423080467345053,8.86459819031949,1999,PHB,ss,CC(C)C=O,ionic
155,2.5706217949390058,-22.466539196940726,-19.89591740200172,7.423080467345053,8.86459819031949,1999,PHB,ss,CC(C)C=O,ionic
156,2.337769577868475,-17.68642447418738,-20.024194052055854,7.423080467345053,8.86459819031949,1999,PHB,ss,CC(C)C=O,ionic
157,2.07779005814498,-14.507648183556405,-12.429858125411425,7.423080467345053,8.86459819031949,1999,PHB,ls,CC(C)C1COCO1,cationic
158,2.3150239414143425,-17.68642447418738,-20.001448415601722,7.423080467345053,8.86459819031949,1999,PHB,ss,CC(Cl)(Cl)C=O,ionic
159,6.8788381044929485,-19.120458891013385,-12.241620786520436,7.423080467345053,8.86459819031949,2019,Investigating the effects of bulky allylic substituents on the regioregularity and thermodynamics of ROMP on cyclopentene,ss,CC[Si](CC)(CC)OC1C=CCC1,ROMP
160,0.7102608710942024,-5.975143403441682,-5.26488253234748,7.423080467345053,8.86459819031949,1999,PHB,ls,CC[Si]1(CC)O[Si](CC)(CC)O[Si](CC)(CC)O1,cationic
161,17.328584747356757,-4.182600382409178,-21.511185129765934,7.423080467345053,8.86459819031949,1999,PHB,ls,CC=O,ionic
162,5.064764200701805,-22.22753346080306,-17.162769260101253,7.423080467345053,8.86459819031949,1999,PHB,ls,CC1(C)CC1,cationic
163,2.75608087951648,-17.925430210325047,-15.169349330808567,7.423080467345053,8.86459819031949,1999,PHB,ls,CC1(C)CCC1,cyclic
164,0.6653615517607547,-15.774378585086042,-15.109017033325287,7.423080467345053,8.86459819031949,1999,PHB,ls,CC1(C)CCCC1,cationic
165,5.340747847293807,-8.604206500956023,-13.94495434824983,7.423080467345053,8.86459819031949,1999,PHB,ls,CC1(C)CCCCC1,cyclic
166,1.2441868536658711,-10.659655831739961,-11.903842685405833,7.423080467345053,8.86459819031949,2023,A circular polyester platform based on simple gem-disubstituted valerolactones,ss,CC1(C)CCCOC1=O,ROP
167,1.1969579257807603,3.87189292543021,5.0688508512109705,7.423080467345053,8.86459819031949,2019,Thermodynamics of Aromatic Cyclic Ester Polymerization in Bulk,ls,CC1(C)COC(=O)c2ccc(cc2)C(=O)OCC(C)(C)COC(=O)c2ccc(cc2)C(=O)OC1,ROP
168,4.5005349619269674,-5.736137667304015,-10.236672629230982,7.423080467345053,8.86459819031949,1999,PHB,ls,CC1(C)COC(=O)OC1,ROP
169,0.37311625396688947,-10.492351816443595,-10.865468070410483,7.423080467345053,8.86459819031949,1998,Substituent Effect on the Anionic Equilibrium Polymerization of Six-Membered Cyclic Carbonates,ss,CC1(C)COC(=O)OC1,ROP
170,0.12084756448858736,-13.097514340344167,-13.218361904832754,7.423080467345053,8.86459819031949,1999,PHB,ls,CC1(C)COCO1,cationic
171,3.601422167304262,-4.89961759082218,-8.501039758126442,7.423080467345053,8.86459819031949,2022,Understanding the Structure–Polymerization Thermodynamics Relationships of Fused-Ring Cyclooctenes for Developing Chemically Recyclable Polymers,ss,CC1(C)O[C@H]2CC/C=C\CC[C@@H]2O1,ROMP
172,3.858952888526082,-4.89961759082218,-8.758570479348261,7.423080467345053,8.86459819031949,2022,Understanding the Structure Polymerization Thermodynamics Relationships of Fused-Ring Cyclooctenes for Developing Chemically Recyclable Polymers	,ss,CC1(C)OC2CC/C=C\CCC2O1,ROMP
173,3.5360260041103206,-15.48757170172084,-11.95154569761052,7.423080467345053,8.86459819031949,2021,Biobased High-Performance Aromatic–Aliphatic Polyesters with Complete Recyclability,ss,CC1(C)Oc2ccccc2COC1=O,ROP
174,0.8458409761017774,-9.703632887189292,-10.54947386329107,7.423080467345053,8.86459819031949,1998,Substituent Effect on the Anionic Equilibrium Polymerization of Six-Membered Cyclic Carbonates,ss,CC1(c2ccccc2)COC(=O)OC1,ROP
175,2.361507830282378,-7.098470363288718,-9.459978193571096,7.423080467345053,8.86459819031949,2020,Organocatalyzed ring opening polymerization of regio-isomeric lactones: reactivity and thermodynamics considerations,ls,CC1CC(=O)OCC(C)(C)C1,ROP
176,2.785881538035021,-6.548757170172084,-9.334638708207104,7.423080467345053,8.86459819031949,2005,Catalytic Polymerization of a Cyclic Ester Derived from a “Cool” Natural Precursor,ls,CC1CC(C(C)C)CC(=O)O1,ROP
177,2.1320940832570496,-20.31548757170172,-18.183393488444672,7.423080467345053,8.86459819031949,1999,PHB,ls,CC1CC1,cationic
178,0.2773256019552592,-10.755258126195029,-11.032583728150287,7.423080467345053,8.86459819031949,2016,Aliphatic Polyester Block Polymer Design,ls,CC1CCC(=O)OC1,ROP
179,3.7566642289937664,-6.548757170172084,-10.30542139916585,7.423080467345053,8.86459819031949,2005,Catalytic Polymerization of a Cyclic Ester Derived from a “Cool” Natural Precursor,ss,CC1CCC(C(C)C)OC(=O)C1,ROP
180,1.2453368543970211,-17.208413001912046,-15.963076147515023,7.423080467345053,8.86459819031949,1999,PHB,ls,CC1CCC1,cyclic
181,2.570564680030046,-9.847036328871893,-12.41760100890194,7.423080467345053,8.86459819031949,2002,"Controlled Ring-Opening Polymerization of Lactones and Lactides Initiated by Lanthanum Isopropoxide, 1",ss,CC1CCCC(=O)O1,ROP
182,3.7107165859673157,-14.818355640535373,-11.107639054568056,7.423080467345053,8.86459819031949,2016,Aliphatic Polyester Block Polymer Design,ls,CC1CCCC(=O)O1,ROP
183,0.44933795597763687,-15.296367112810707,-15.745705068788343,7.423080467345053,8.86459819031949,1999,PHB,ls,CC1CCCC1,cyclic
184,5.631723999258625,-5.019120458891013,-10.650844458149638,7.423080467345053,8.86459819031949,1999,PHB,ls ,CC1CCCCC(=O)N1,ROP
185,6.989785101331997,-7.648183556405353,-14.637968657737352,7.423080467345053,8.86459819031949,1999,PHB,ls,CC1CCCCC1,cyclic
186,6.796828404361745,-2.62906309751434,-9.425891501876086,7.423080467345053,8.86459819031949,1999,PHB,ls ,CC1CCCCNC1=O,ROP
187,3.254965147555384,-8.126195028680687,-11.381160176236072,7.423080467345053,8.86459819031949,2016,Aliphatic Polyester Block Polymer Design,ls,CC1CCCOC1=O,ROP
188,2.7131804467593077,-9.27342256214149,-11.986603008900797,7.423080467345053,8.86459819031949,1999,PHB,ss,CC1CCCOCO1,cationic
189,16.241451887635247,2.067399617590822,-14.174052270044422,7.423080467345053,8.86459819031949,2022,"Recyclable Sulfur-Rich Polymers with Enhanced Thermal, Mechanical, and Optical Performance",ss,CC1CCCSC(=S)S1,ROP
190,6.306009139663738,-6.261950286806883,-12.56795942647062,7.423080467345053,8.86459819031949,2022,Modulating Polymerization Thermodynamics ofThiolactones Through Substituent andHeteroatom Incorporation,ss,CC1CCCSC1=O,ROP
191,5.3630712898013915,-3.8240917782026767,-9.187163068004068,7.423080467345053,8.86459819031949,1999,PHB,ls ,CC1CCNC(=O)CC1,ROP
192,0.02565753288740251,-10.994263862332696,-10.968606329445294,7.423080467345053,8.86459819031949,2014,Scalable production of mechanically tunable block polymers from sugar,ls,CC1CCOC(=O)C1,ROP
193,9.925513802620356,-24.115678776290633,-14.190164973670276,7.423080467345053,8.86459819031949,1999,PHB,ls,CC1CCOC1,cationic
194,26.237883722154255,-45.172084130019115,-18.934200407864864,7.423080467345053,8.86459819031949,1999,PHB,gg,CC1CO1,cationic
195,1.7261560717189652,2.4139579349904396,4.140114006709405,7.423080467345053,8.86459819031949,2019,Thermodynamics of Aromatic Cyclic Ester Polymerization in Bulk,ls,CC1COC(=O)c2ccc(cc2)C(=O)OCC(C)COC(=O)c2ccc(cc2)C(=O)OC1,ROP
196,1.0949160609406339,-12.715105162523901,-13.810021223464535,7.423080467345053,8.86459819031949,1999,PHB,ls,CC1COCO1,cationic
197,6.140332818785936,-2.7007648183556405,-8.841097637141576,7.423080467345053,8.86459819031949,2022,Understanding the Structure_Polymerization Thermodynamics Relationships of Fused-Ring Cyclooctenes for Developing Chemically Recyclable Polymers,ss,CC1O[C@H]2CC/C=C\CC[C@@H]2O1,ROMP
198,17.036191616663128,7.480879541108987,-9.55531207555414,7.423080467345053,8.86459819031949,1999,PHB,ls,CC1OC(=O)C(C)OC1=O,ROP
199,6.4510339530255205,-3.107074569789675,-9.558108522815195,7.423080467345053,8.86459819031949,1999,PHB,ls,CC1OC(=O)C(C)OC1=O,ROP
200,6.426096597277596,-2.7007648183556405,-9.126861415633236,7.423080467345053,8.86459819031949,2022,Understanding the Structure Polymerization Thermodynamics Relationships of Fused-Ring Cyclooctenes for Developing Chemically Recyclable Polymers	,ss,CC1OC2CC/C=C\CCC2O1,ROMP
201,1.5117784127679919,-12.4282982791587,-10.916519866390708,7.423080467345053,8.86459819031949,2014,Divergent Mechanistic Avenues to an Aliphatic Polyesteracetal or Polyester from a Single Cyclic Esteracetal,ls,CC1OCCC(=O)O1,ROP
202,2.9097373469611725,-8.891013384321225,-11.800750731282397,7.423080467345053,8.86459819031949,1999,PHB,ss,CC1OCCCCO1,cationic
203,3.1996689500688587,-9.321223709369024,-12.520892659437884,7.423080467345053,8.86459819031949,1999,PHB,ss,CC1OCCCCO1,cationic
204,2.154212872524923,-10.038240917782026,-12.19245379030695,7.423080467345053,8.86459819031949,2016,Aliphatic Polyester Block Polymer Design,ss,CC1OCCOC1=O,ROP
205,1.4971448689655502,-9.369024856596559,-10.86616972556211,7.423080467345053,8.86459819031949,2010,Biodegradable poly(ester-ether)s: ring-opening polymerization of DL-3-methyl-14-dioxan-2-one using various initiator systems,ls,CC1OCCOC1=O,ROP
206,0.7145940741612951,-13.217017208413,-12.502423134251705,7.423080467345053,8.86459819031949,1999,PHB,ls,CC1OCOC1C,cationic
207,6.8060253367132715,-5.712237093690248,-12.518262430403519,7.423080467345053,8.86459819031949,2021,"O-to-S SubstitutionEnablesDovetailingConflictingCyclizabil ity, Polymerizability,andRecyclability:Dithiolactonevs.Dilactone",ss,CC1SC(=O)C(C)SC1=O,ROP
208,2.295924407914356,-9.536328871892925,-11.832253279807281,7.423080467345053,8.86459819031949,2022,Modulating Polymerization Thermodynamics ofThiolactones Through Substituent andHeteroatom Incorporation,ls,CC1SCCSC1=O,ROP
209,3.00592051592407,-17.519120458891013,-20.52504097481508,7.423080467345053,8.86459819031949,1999,PHB,ls,CCC=O,ionic
210,7.591397473808714,-2.390057361376673,-9.981454835185387,7.423080467345053,8.86459819031949,1998,Substituent Effect on the Anionic Equilibrium Polymerization of Six-Membered Cyclic Carbonates,ss,CCC1(c2ccccc2)COC(=O)OC1,ROP
211,8.528264643311672,-19.024856596558315,-10.496591953246643,7.423080467345053,8.86459819031949,2023,A circular polyester platform based on simple gem-disubstituted valerolactones,ss,CCC1(CC)CCCOC1=O,ROP
212,1.6417395437159061,-10.898661567877628,-9.256922024161723,7.423080467345053,8.86459819031949,1998,Substituent Effect on the Anionic Equilibrium Polymerization of Six-Membered Cyclic Carbonates,ss,CCC1(CC)COC(=O)OC1,ROP
213,2.1453769010237767,-7.337476099426386,-9.482853000450163,7.423080467345053,8.86459819031949,2022,Tunable and recyclable polyesters from CO2 and butadiene,ls,CCC1CCC(CC)C(=O)O1,ROP
214,2.683978515046276,-13.1453154875717,-10.461336972525425,7.423080467345053,8.86459819031949,2016,Aliphatic Polyester Block Polymer Design,ls,CCC1CCCC(=O)O1,ROP
215,1.1399575214441646,-14.196940726577436,-13.056983205133273,7.423080467345053,8.86459819031949,1999,PHB,ls,CCC1COCO1,cationic
216,10.6034618393562,-9.297323135755258,-19.900784975111456,7.423080467345053,8.86459819031949,2018,Determination of ceiling temperature and thermodynamic properties of low ceiling temperature polyaldehydes,ss,CCCC=O,ionic
217,9.524145402035844,-29.15869980879541,-19.634554406759566,7.423080467345053,8.86459819031949,1999,PHB,ss,CCCC=O,ionic
218,7.405589227473421,-16.778202676864243,-9.372613449390824,7.423080467345053,8.86459819031949,2023,A circular polyester platform based on simple gem-disubstituted valerolactones,ss,CCCC1(CCC)CCCOC1=O,ROP
219,4.555967708563169,-14.340344168260037,-9.784376459696869,7.423080467345053,8.86459819031949,2016,Aliphatic Polyester Block Polymer Design,ls,CCCC1CCCC(=O)O1,ROP
220,9.705162343036623,-2.9,-12.605162343036623,7.423080467345053,8.86459819031949,2019,Functionalized and Degradable Polyphthalaldehyde Derivatives,ss,CCCCC#Cc1cc(C=O)c(C=O)cc1C#CCCCC,misc
221,6.6416447926192195,-25.717017208413,-19.07537241579378,7.423080467345053,8.86459819031949,1999,PHB,ss,CCCCC=O,ionic
222,3.6791693419589397,-23.207456978967492,-19.528287637008553,7.423080467345053,8.86459819031949,1999,PHB,ls,CCCCC=O,ionic
223,4.538135239477194,-12.882409177820266,-8.344273938343072,7.423080467345053,8.86459819031949,2023,A circular polyester platform based on simple gem-disubstituted valerolactones,ss,CCCCC1(CCCC)CCCOC1=O,ROP
224,0.4784208657493774,-5.0,-5.478420865749378,7.423080467345053,8.86459819031949,2022,Understanding the Structure Polymerization Thermodynamics Relationships of Fused-Ring Cyclooctenes for Developing Chemically Recyclable Polymers,ss,CCCCC1(CCCC)O[C@H]2CC/C=C\CC[C@@H]2O1,ROMP
225,0.7623140971640272,-4.995219885277246,-5.757533982441274,7.423080467345053,8.86459819031949,2022,Understanding the Structure Polymerization Thermodynamics Relationships of Fused-Ring Cyclooctenes for Developing Chemically Recyclable Polymers	,ss,CCCCC1(CCCC)OC2CC/C=C\CCC2O1,ROMP
226,4.003911637376817,-13.1453154875717,-9.141403850194886,7.423080467345053,8.86459819031949,2016,Aliphatic Polyester Block Polymer Design,ls,CCCCC1CCCC(=O)O1,ROP
227,2.4434591324069888,-7.887189292543021,-10.33064842495001,7.423080467345053,8.86459819031949,1999,PHB,ss,CCCCC1OCCCCO1,cationic
228,5.842982675686594,-3.8240917782026767,-9.66707445388927,7.423080467345053,8.86459819031949,1999,PHB,ss,CCCCC1OCCOCCO1,cationic
229,9.705126380278545,-27.724665391969406,-18.01953901169086,7.423080467345053,8.86459819031949,1999,PHB,ls,CCCCCC=O,ionic
230,3.6129117805818254,-11.11376673040153,-7.500854949819704,7.423080467345053,8.86459819031949,2023,A circular polyester platform based on simple gem-disubstituted valerolactones,ss,CCCCCC1(CCCCC)CCCOC1=O,ROP
231,22.0112682549476,13.264818355640536,-8.746449899307065,7.423080467345053,8.86459819031949,2016,Aliphatic Polyester Block Polymer Design,ls,CCCCCC1CCCC(=O)O1,ROP
232,9.03406049167029,-26.2906309751434,-17.256570483473112,7.423080467345053,8.86459819031949,1999,PHB,ls,CCCCCCC=O,ionic
233,9.204912466538502,-15.678776290630973,-6.473863824092471,7.423080467345053,8.86459819031949,2023,A circular polyester platform based on simple gem-disubstituted valerolactones,ss,CCCCCCC1(CCCCCC)CCCOC1=O,ROP
234,5.954818927817963,-13.862332695984703,-7.90751376816674,7.423080467345053,8.86459819031949,2016,Aliphatic Polyester Block Polymer Design,ls,CCCCCCC1CCCC(=O)O1,ROP
235,1.7805662143429157,-15.702676864244742,-17.48324307858766,7.423080467345053,8.86459819031949,1999,PHB,ss,CCCCCCCC=O,ionic
236,3.071392817652326,-13.814531548757168,-16.885924366409494,7.423080467345053,8.86459819031949,1999,PHB,ls,CCCCCCCC=O,ionic
237,6.899598099499395,-14.10133843212237,-7.201740332622976,7.423080467345053,8.86459819031949,2016,Aliphatic Polyester Block Polymer Design,ls,CCCCCCCC1CCCC(=O)O1,ROP
238,7.190210731543022,-13.1453154875717,-5.955104756028679,7.423080467345053,8.86459819031949,2016,Aliphatic Polyester Block Polymer Design,ls,CCCCCCCCCC1CCCC(=O)O1,ROP
239,19.80082035253433,-35.37284894837476,-15.57202859584043,7.423080467345053,8.86459819031949,1999,PHB,ls,CCCCCCCCCCOC(=O)C=C,vinyl
240,12.152833294423075,-19.299999999999997,-7.147166705576924,7.423080467345053,8.86459819031949,2019,Functionalized and Degradable Polyphthalaldehyde Derivatives,ss,CCCCCCCCN1C(=O)c2cc(C=O)c(C=O)cc2C1=O,misc
241,9.22847386105755,-0.5736137667304014,-9.802087627787952,7.423080467345053,8.86459819031949,1999,PHB,ss,CCCOP1(=O)OCCCO1,cationic
242,1.7010966169700426,-9.79923518164436,-8.098138564674317,7.423080467345053,8.86459819031949,1999,PHB,ss,CCOC(=O)C(C#N)c1ccc(C(C#N)C(=O)OCC)c2occc12,ROMP
243,4.853251236345844,-23.422562141491394,-18.56931090514555,7.423080467345053,8.86459819031949,2008,Study of the in vitro degradation of poly(ethyl glyoxylate),ss,CCOC(=O)C=O,ionic
244,3.9727798732510204,-12.3565965583174,-8.38381668506638,7.423080467345053,8.86459819031949,2021,Radical ring-opening polymerization of lipoates: Kinetic and thermodynamic aspects,ss,CCOC(=O)CCCCC1CCSS1,cationic
245,10.689843460050929,0.35850860420650094,-10.331334855844426,7.423080467345053,8.86459819031949,1999,PHB,ss,CCOP1(=O)OCCCO1,cationic
246,7.297405656398632,-19.837476099426386,-12.540070443027753,7.423080467345053,8.86459819031949,1999,PHB,ls,ClCC1(CCl)COC1,cationic
247,5.431727816535449,-4.3021032504780115,-9.73383106701346,7.423080467345053,8.86459819031949,2007,Equilibrium Anionic Ring-Opening Polymerization of a Six-Membered Cyclosiloxazane,ss,CN1[Si](C)(C)O[Si](C)(C)O[Si]1(C)C,cyclic
248,4.951154774779884,-5.975143403441682,-10.926298178221566,7.423080467345053,8.86459819031949,1999,PHB,ls,CN1CCCCC1=O,ROP
249,3.144517179512809,-6.9311663479923515,-10.075683527505161,7.423080467345053,8.86459819031949,1999,PHB,ls,CN1CCCCCC1=O,ROP
250,4.6303458035588685,-23.66156787762906,-19.031222074070193,7.423080467345053,8.86459819031949,2008,Study of the in vitro degradation of poly(methyl glyoxylate),ss,COC(=O)C=O,ionic
251,2.6638763227656317,-3.6,-6.263876322765632,7.423080467345053,8.86459819031949,2021,Olefin metathesis-based chemically recyclable polymers enabled by fused-ring monomers,ss,COC(=O)C1C(C(=O)OC)[C@H]2CC/C=C\CC[C@H]12,ROMP
252,2.4473465881373255,-3.608986615678776,-6.056333203816102,7.423080467345053,8.86459819031949,2022,Understanding the Structure Polymerization Thermodynamics Relationships of Fused-Ring Cyclooctenes for Developing Chemically Recyclable Polymers	,ss,COC(=O)C1C2CC/C=C\CCC2C1C(=O)OC,ROMP
253,3.640387243090721,-14.899999999999999,-11.259612756909279,7.423080467345053,8.86459819031949,2019,Functionalized and Degradable Polyphthalaldehyde Derivatives,ss,COC(=O)c1cc(C=O)c(C=O)cc1C(=O)OC,misc
254,0.7795807598228297,-14.866156787762906,-14.086576027940076,7.423080467345053,8.86459819031949,2018,Dynamic Remodeling of Covalent Networks via Ring-Opening Metathesis Polymerization,ss,COC(=O)C1CC=CC1,ROMP
255,0.12109702858908468,-9.79923518164436,-9.678138153055274,7.423080467345053,8.86459819031949,2018,A Carbomethoxylated Polyvalerolactone from Malic Acid: Synthesis and Divergent Chemical Recycling,ss,COC(=O)C1CCC(=O)OC1,ROP
256,24.726008257535646,14.340344168260037,-10.38566408927561,7.423080467345053,8.86459819031949,2019,Architecture-Controlled Ring-Opening Polymerization for Dynamic Covalent Poly(disulfide)s,ss,COC(=O)CCCCC1CCSS1,cyclic
257,2.973273794355255,-7.409177820267686,-10.38245161462294,7.423080467345053,8.86459819031949,2023,Chemically Recyclable Polymer System Based on Nucleophilic Aromatic Ring-Opening Polymerization,ss,COC1CCCSc2ccc([N+](=O)[O-])cc2C1,misc
258,3.1021434024867345,-18.40344168260038,-15.301298280113647,7.423080467345053,8.86459819031949,1999,PHB,ss,COCCOCCC=O,ionic
259,0.37206329118965814,-16.108986615678777,-15.73692332448912,7.423080467345053,8.86459819031949,1999,PHB,ls,COCCOCCC=O,ionic
260,9.988026448026696,-0.5975143403441683,-10.585540788370864,7.423080467345053,8.86459819031949,1999,PHB,ss,COP1(=O)OCCCO1,cationic
261,7.039461728638939,-2.796367112810707,-9.835828841449645,7.423080467345053,8.86459819031949,1999,PHB,ls,COP1(=O)OCCCO1,cationic
262,0.628146204867298,-13.456022944550668,-12.82787673968337,7.423080467345053,8.86459819031949,2018,Dynamic Remodeling of Covalent Networks via Ring-Opening Metathesis Polymerization,ss,O=C(O)C1CC=CC1,ROMP
263,6.383548363820642,-19.455066921606118,-13.071518557785478,7.423080467345053,8.86459819031949,2018,Dynamic Remodeling of Covalent Networks via Ring-Opening Metathesis Polymerization,ss,O=C(OCc1ccccc1)C1CC=CC1,ROMP
264,0.788202947277389,-4.89961759082218,-5.687820538099569,7.423080467345053,8.86459819031949,2021,Olefin metathesis-based chemically recyclable polymers enabled by fused-ring monomers,ss,O=C1[C@@H]2[C@H]3CC/C=C\CC[C@@H]3[C@@H]2C(=O)N1c1ccccc1,ROMP
265,6.076574799533478,-20.554493307839387,-14.47791850830591,7.423080467345053,8.86459819031949,1999,PHB,ss,O=C1C=C(c2ccccc2)C(=O)N1,vinyl
266,0.5378656409942729,-4.89961759082218,-5.4374832318164525,7.423080467345053,8.86459819031949,2022,Understanding the Structure Polymerization Thermodynamics Relationships of Fused-Ring Cyclooctenes for Developing Chemically Recyclable Polymers	,ss,O=C1C2C3CC/C=C\CCC3C2C(=O)N1c1ccccc1,ROMP
267,7.602117968034234,-15.535372848948374,-7.9332548809141405,7.423080467345053,8.86459819031949,2013,Ring-opening polymerization of a five-membered lactone trans-fused to a cyclohexane ring,ls,O=C1CC2CCCCC2O1,ROP
268,7.909652537053504,5.019120458891013,-2.8905320781624906,7.423080467345053,8.86459819031949,1999,PHB,ls,O=C1CCCCCCCCCCCCCCCO1,ROP
269,9.003769241134803,5.497131931166348,-3.5066373099684554,7.423080467345053,8.86459819031949,1999,PHB,ls,O=C1CCCCCCCCCCCCCCO1,ROP
270,10.336018090154841,5.975143403441682,-4.360874686713159,7.423080467345053,8.86459819031949,1999,PHB,ls,O=C1CCCCCCCCCCCCCO1,ROP
271,11.13894375003997,6.21414913957935,-4.924794610460622,7.423080467345053,8.86459819031949,1999,PHB,ls,O=C1CCCCCCCCCCCCO1,ROP
272,11.812321126635611,5.975143403441682,-5.837177723193929,7.423080467345053,8.86459819031949,1999,PHB,ls,O=C1CCCCCCCCCCCO1,ROP
273,1.4274036695361285,-3.8240917782026767,-5.251495447738805,7.423080467345053,8.86459819031949,1999,PHB,ls,O=C1CCCCCCCCCCN1,ROP
274,12.421393026521802,5.8556405353728485,-6.565752491148952,7.423080467345053,8.86459819031949,1999,PHB,ls,O=C1CCCCCCCCCCO1,ROP
275,11.512201475183845,4.3021032504780115,-7.210098224705835,7.423080467345053,8.86459819031949,1999,PHB,ls,O=C1CCCCCCCCCO1,ROP
276,10.987994932303428,2.8680688336520075,-8.119926098651419,7.423080467345053,8.86459819031949,1999,PHB,ls,O=C1CCCCCCCCO1,ROP
277,9.934220093726099,1.1950286806883366,-8.739191413037762,7.423080467345053,8.86459819031949,1999,PHB,ls,O=C1CCCCCCCO1,ROP
278,4.372727240332415,-4.063097514340344,-8.435824754672758,7.423080467345053,8.86459819031949,1999,PHB,ls,O=C1CCCCCCN1,ROP
279,2.9209870753003746,-8.006692160611854,-10.92767923591223,7.423080467345053,8.86459819031949,2021,"Organocatalytic ring-opening polymerization of thionolactones: anything O can do, S can do better",ss,O=C1CCCCCCO1,ROP
280,39.93155443299475,30.353728489483746,-9.577825943511009,7.423080467345053,8.86459819031949,1999,PHB,ls,O=C1CCCCCCO1,ROP
281,2.4586015021914163,-6.9311663479923515,-9.389767850183768,7.423080467345053,8.86459819031949,1999,PHB,ls,O=C1CCCCCN1,ROP
282,10.293929194703768,-1.4340344168260037,-11.727963611529772,7.423080467345053,8.86459819031949,2002,"Controlled Ring-Opening Polymerization of Lactones and Lactides Initiated by Lanthanum Isopropoxide, 1",ss,O=C1CCCCCO1,ROP
283,1.2542151753891084,-12.882409177820266,-11.628194002431158,7.423080467345053,8.86459819031949,2016,Thermodynamic Presynthetic Conditions,ss,O=C1CCCCCO1,ROP
284,10.29299178567653,-1.4340344168260037,-11.727026202502536,7.423080467345053,8.86459819031949,2016,Aliphatic Polyester Block Polymer Design,ss,O=C1CCCCCO1,ROP
285,9.04875440166635,-1.4340344168260037,-10.482788818492356,7.423080467345053,8.86459819031949,2016,Aliphatic Polyester Block Polymer Design,ls,O=C1CCCCCO1,ROP
286,4.344558289322938,-5.975143403441682,-10.319701692764621,7.423080467345053,8.86459819031949,1999,PHB,ls,O=C1CCCCN1,ROP
287,5.2212559275723365,-7.361376673040152,-12.58263260061249,7.423080467345053,8.86459819031949,2023,A circular polyester platform based on simple gem-disubstituted valerolactones,ss,O=C1CCCCO1,ROP
288,9.069261550550584,-3.5133843212237093,-12.582645871774293,7.423080467345053,8.86459819031949,2016,Aliphatic Polyester Block Polymer Design,ss,O=C1CCCCO1,ROP
289,8.040355768914573,-3.3460803059273423,-11.386436074841916,7.423080467345053,8.86459819031949,1999,PHB,ls,O=C1CCCCO1,ROP
290,7.157562046587391,-5.6644359464627145,-12.821997993050106,7.423080467345053,8.86459819031949,2022,Modulating Polymerization Thermodynamics ofThiolactones Through Substituent andHeteroatom Incorporation,ss,O=C1CCCCS1,ROP
291,4.315194635558717,-9.464627151051625,-13.779821786610341,7.423080467345053,8.86459819031949,2016,Completely recyclable biopolymers with linear and cyclic topologies via ring-opening polymerization of gammabutyrolactone,ss,O=C1CCCO1,ROP
292,5.392733180419699,-7.1701720841300185,-12.562905264549718,7.423080467345053,8.86459819031949,1999,PHB,ls,O=C1CCCO1,ROP
293,1.3498007378918195,-12.189292543021033,-13.539093280912851,7.423080467345053,8.86459819031949,1999,PHB,ls,O=C1CCO1,ROP
294,6.473371798178957,-4.182600382409178,-10.655972180588135,7.423080467345053,8.86459819031949,1999,PHB,ls,O=C1COC(=O)CO1,ROP
295,8.237322816232023,-3.107074569789675,-11.344397386021697,7.423080467345053,8.86459819031949,1999,PHB,ls,O=C1COCCO1,ROP
296,5.11998591672054,-7.361376673040152,-12.481362589760693,7.423080467345053,8.86459819031949,2022,Modulating Polymerization Thermodynamics ofThiolactones Through Substituent andHeteroatom Incorporation,ls,O=C1CSCCS1,ROP
297,8.171103352454143,-2.8680688336520075,-11.03917218610615,7.423080467345053,8.86459819031949,1999,PHB,ss,O=C1CSSCC(=O)O1,cationic
298,9.158669213450256,-17.08891013384321,-7.930240920392956,7.423080467345053,8.86459819031949,1989,Equilibrium anionic polymerization of bicyclic oxalactam,ss,O=C1N[C@H]2CCC[C@@H]1O2,ROP
299,3.0374876545542957,-4.804015296367113,-7.8415029509214085,7.423080467345053,8.86459819031949,2022,Redesigned Hybrid Nylons with Optical Clarity and Chemical Recyclability,ls,O=C1NC2CCCC1C2,ROP
300,10.224021836050854,0.0,-10.224021836050854,7.423080467345053,8.86459819031949,1997,"Calorimetric study of tetrahydro-1,3-oxazin-2-oneand poly(oxy-1,3-propanediyliminocarbonyl), and the polymerizatioddepolymerization equilibrium",ls,O=C1NCCCO1,ROP
301,2.4814371709908007,-13.336520076481834,-10.855082905491034,7.423080467345053,8.86459819031949,2021,"Hybrid monomer design for unifying conflicting polymerizability, recyclability, and performance properties",ss,O=C1O[C@H]2CCC[C@@H]1C2,ROP
302,1.0903312176655695,-13.934034416826002,-12.843703199160434,7.423080467345053,8.86459819031949,2022,Closing the One Monomer Two Polymers One Monomer Loop via Orthogonal (De)polymerization of a Lactone/Olefin Hybrid,ss,O=C1OC2C=CCC1C2,ROMP
303,8.410782473648064,-21.19980879541109,-12.789026321763025,7.423080467345053,8.86459819031949,2022,Closing the One Monomer Two Polymers One Monomer Loop via Orthogonal (De)polymerization of a Lactone/Olefin Hybrid,ss,O=C1OC2C=CCC1C2,ROP
304,1.091224607176501,-13.934034416826002,-12.842809809649502,7.423080467345053,8.86459819031949,2022,Closing the “One Monomer_Two Polymers_One Monomer” Loop via Orthogonal (De)polymerization of a Lactone/Olefin Hybrid,ss,O=C1OC2C=CCC1C2,ROMP
305,8.410355382448522,-21.19980879541109,-12.789453412962567,7.423080467345053,8.86459819031949,2022,Closing the “One Monomer_Two Polymers_One Monomer” Loop via Orthogonal (De)polymerization of a Lactone/Olefin Hybrid,ss,O=C1OC2C=CCC1C2,ROP
306,19.354972720807464,-30.521032504780113,-11.166059783972647,7.423080467345053,8.86459819031949,1999,PHB,gg,O=C1OC2CCC1CC2,ROP
307,9.178242616065914,-18.21223709369025,-9.033994477624335,7.423080467345053,8.86459819031949,1999,PHB,ls,O=C1OC2CCC1CC2,ROP
308,2.1477016536629425,-13.336520076481834,-11.188818422818892,7.423080467345053,8.86459819031949,2021,"Hybrid monomer design for unifying conflicting polymerizability, recyclability, and performance properties",ss,O=C1OC2CCCC1C2,ROP
309,6.063223191881227,-15.05736137667304,-8.994138184791813,7.423080467345053,8.86459819031949,2013,The anionic ring-opening polymerization of five-membered cyclic carbonates fused to the cyclohexane ring,ss,O=C1OC2CCCCC2O1,ROP
310,7.917358751093364,-17.208413001912046,-9.291054250818682,7.423080467345053,8.86459819031949,2018,A synthetic polymer system with repeatable chemical recyclability,ss,O=C1OCC2CCCCC12,ROP
311,0.9620062221457456,-10.707456978967494,-11.66946320111324,7.423080467345053,8.86459819031949,1998,Substituent Effect on the Anionic Equilibrium Polymerization of Six-Membered Cyclic Carbonates,ss,O=C1OCCCO1,ROP
312,6.945867668746236,-3.5850860420650092,-10.530953710811245,7.423080467345053,8.86459819031949,1999,PHB,ls,O=C1OCCOC1=O,ROP
313,3.025051009039677,-13.312619502868069,-10.287568493828392,7.423080467345053,8.86459819031949,2020,High-performance pan-tactic polythioesters with intrinsic crystallinity and chemical recyclability,ls,O=C1S[C@@H]2CC[C@H]1C2,ROP
314,4.492816893059673,-23.900573613766728,-19.407756720707056,7.423080467345053,8.86459819031949,1999,PHB,ss,O=CC(Br)(Br)Br,ionic
315,7.827073430449604,-27.724665391969406,-19.8975919615198,7.423080467345053,8.86459819031949,1999,PHB,ss,O=CC(Cl)(Br)Br,ionic
316,8.78472797346225,-29.15869980879541,-20.37397183533316,7.423080467345053,8.86459819031949,1999,PHB,ss,O=CC(Cl)(Cl)Br,ionic
317,14.031878488344649,-33.93881453154876,-19.90693604320411,7.423080467345053,8.86459819031949,1999,PHB,ss,O=CC(Cl)(Cl)Cl,ionic
318,8.21615289489684,-27.963671128107073,-19.747518233210233,7.423080467345053,8.86459819031949,1999,PHB,ss,O=CC(Cl)(Cl)Cl,ionic
319,7.882925206265101,-12.4282982791587,-20.3112234854238,7.423080467345053,8.86459819031949,1999,PHB,ss,O=CC(Cl)(Cl)Cl,ionic
320,11.477276362359927,-32.026768642447415,-20.54949228008749,7.423080467345053,8.86459819031949,1999,PHB,ss,O=CC(Cl)(Cl)Cl,ionic
321,0.9442057850186297,-19.120458891013385,-20.064664676032013,7.423080467345053,8.86459819031949,1999,PHB,ls,O=CC(Cl)(Cl)Cl,ionic
322,22.92337563640858,-45.411089866156786,-22.487714229748207,7.423080467345053,8.86459819031949,1999,PHB,gg,O=CC(Cl)(Cl)Cl,ionic
323,3.0835955389700067,-22.705544933078393,-19.621949394108388,7.423080467345053,8.86459819031949,1999,PHB,ls,O=CC(Cl)(Cl)Cl,ionic
324,7.258960533876568,-27.246653919694072,-19.987693385817504,7.423080467345053,8.86459819031949,1999,PHB,ss,O=CC(F)(Br)Br,ionic
325,8.432199201932852,-29.15869980879541,-20.726500606862558,7.423080467345053,8.86459819031949,1999,PHB,ss,O=CC(F)(Cl)Br,ionic
326,21.62676804082966,-42.782026768642446,-21.155258727812786,7.423080467345053,8.86459819031949,1999,PHB,ss,O=CC(F)(Cl)Cl,ionic
327,11.16521505259111,-32.265774378585085,-21.100559325993974,7.423080467345053,8.86459819031949,1999,PHB,ss,O=CC(F)(F)Br,ionic
328,14.917465621624439,-36.32887189292543,-21.41140627130099,7.423080467345053,8.86459819031949,1999,PHB,ss,O=CC(F)(F)Cl,ionic
329,15.604898680657431,-37.04588910133843,-21.440990420681,7.423080467345053,8.86459819031949,1999,PHB,ss,O=CC(F)(F)F,ionic
330,1.925629602483697,-23.183556405353727,-21.25792680287003,7.423080467345053,8.86459819031949,1999,PHB,ls,O=CC(F)(F)F,ionic
331,21.31278569885686,-44.69407265774378,-23.381286958886925,7.423080467345053,8.86459819031949,1999,PHB,gg,O=CC(F)(F)F,ionic
332,13.212413452089868,-34.10611854684512,-20.89370509475525,7.423080467345053,8.86459819031949,1999,PHB,ss,O=CC(F)(F)F,ionic
333,15.787935645219346,-37.04588910133843,-21.257953456119086,7.423080467345053,8.86459819031949,1999,PHB,ls,O=CC(F)(F)F,ionic
334,3.6042161545105653,-20.10038240917782,-16.49616625466725,7.423080467345053,8.86459819031949,2019,Functionalized and Degradable Polyphthalaldehyde Derivatives,ss,O=Cc1c(F)c(F)c(F)c(F)c1C=O,misc
335,0.721556908737644,-19.024856596558315,-18.303299687820672,7.423080467345053,8.86459819031949,2018,Determination of ceiling temperature and thermodynamic properties of low ceiling temperature polyaldehydes,ss,O=Cc1ccccc1C=O,ionic
336,6.577490570603419,-11.90248565965583,-18.47997623025925,7.423080467345053,8.86459819031949,2019,Functionalized and Degradable Polyphthalaldehyde Derivatives,ss,O=Cc1ccccc1C=O,misc
337,83.44186062836779,60.08604206500956,-23.355818563358234,7.423080467345053,8.86459819031949,1942,Entropy of the Monomeric Forms of Formic Acid and Acetic Acid,gg,O=CO,ionic
338,13.77689528329544,4.612810707456979,-9.16408457583846,7.423080467345053,8.86459819031949,1999,PHB,ls,O=P1(O)OCCCO1,cationic
339,7.2912926160614955,-19.09655831739962,-11.805265701338122,7.423080467345053,8.86459819031949,1974,The Ring-Opening Polymerization of Sultones. VII. Thermodynamic Parameters of 3-Hydroxy-1-propane Sulfonic Acid Sultone for Ring-Opening Polymerization,ls,O=S1(=O)CCCO1,ROP
340,0.25390398439878753,-7.504780114722752,-7.75868409912154,7.423080467345053,8.86459819031949,1999,PHB,ss,O=S1SC2C3CCC(C3)C2S1,ROP
341,6.563529864339237,-8.460803059273422,-15.024332923612658,7.423080467345053,8.86459819031949,2018,Dynamic Remodeling of Covalent Networks via Ring-Opening Metathesis Polymerization,ss,OC1CC=CC1,ROMP
342,4.479789669325102,-18.140535372848948,-13.660745703523846,7.423080467345053,8.86459819031949,2018,Dynamic Remodeling of Covalent Networks via Ring-Opening Metathesis Polymerization,ss,OCC1CC=CC1,ROMP
343,0.0006574556912466219,-13.001912045889101,-13.002569501580346,7.423080467345053,8.86459819031949,2021,"Organocatalytic ring-opening polymerization of thionolactones: anything O can do, S can do better",ss,S=C1CCCCCO1,ROP
